prediction_id,game_id,espn_event_id,home_team_id,away_team_id,season,game_date,home_team,away_team,model_version,feature_version,blend_version,feature_home_elo,feature_away_elo,feature_elo_diff,feature_home_recent_form,feature_away_recent_form,feature_recent_form_diff,feature_rest_days_home,feature_rest_days_away,feature_rest_day_diff,feature_injury_spread_adj,feature_injury_total_adj,feature_market_home_spread,feature_model_predicted_spread,feature_model_predicted_total,feature_model_win_probability,feature_confidence_score,target_home_margin,target_total_points,target_home_win,target_model_spread_error,target_model_total_error,target_market_spread_error,target_model_edge_vs_market
1,1,401810647,4,11,2026,2026-02-19,CHA,HOU,,,,1451,1552,-101,,,,,,,,,,0,239.6,0.5,100,-4,206,0,4,33.6,,
2,2,401810648,6,3,2026,2026-02-19,CLE,BKN,,,,1514,1355,159,,,,,,,,,,9.3,236.9,0.91,100,28,196,1,18.7,40.9,,
3,3,401810649,23,1,2026,2026-02-19,PHI,ATL,,,,1439,1550,-111,,,,,,,,,,-0.4,233.9,0.48,100,-10,224,0,9.6,9.9,,
4,4,401810650,30,12,2026,2026-02-19,WSH,IND,,,,1391,1411,-20,,,,,,,,,,2.9,234.9,0.67,100,7,217,1,4.1,17.9,,
5,5,401810651,20,9,2026,2026-02-19,NY,DET,,,,1591,1639,-48,,,,,,,,,,1.9,226.8,0.62,100,-15,237,0,16.9,10.2,,
6,6,401810652,5,28,2026,2026-02-19,CHI,TOR,,,,1444,1464,-20,,,,,,,,,,2.9,239.8,0.67,100,-9,211,0,11.9,28.8,,
7,7,401810653,27,24,2026,2026-02-19,SA,PHX,,,,1664,1514,150,,,,,,,,,,8.9,230.5,0.9,100,27,215,1,18.1,15.5,,
8,8,401810654,10,2,2026,2026-02-19,GS,BOS,,,,1510,1539,-29,,,,,,,,,,2.5,230.9,0.65,100,-11,231,0,13.5,0.1,,
9,9,401810655,26,22,2026,2026-02-19,SAC,ORL,,,,1337,1500,-163,,,,,,,,,,-2.3,234.7,0.36,85,-37,225,0,34.7,9.7,,
10,10,401810656,13,8,2026,2026-02-19,LAC,DEN,,,,1573,1481,92,,,,,,,,,,6.9,228.5,0.85,100,1,229,1,5.9,0.5,,
11,11,401810657,4,6,2026,2026-02-20,CHA,CLE,,,,1439,1520,-81,,,,,,,,,,0.7,231.3,0.54,54.4,-5,231,0,5.7,0.3,,
12,12,401810658,30,12,2026,2026-02-20,WSH,IND,,,,1400,1402,-2,,,,,,,,,,3.5,232.3,0.71,70.6,13,249,1,9.5,16.7,,
13,13,401810659,15,29,2026,2026-02-20,MEM,UTAH,,,,1456,1362,94,,,,,,,,,,6.9,238.6,0.85,84.9,9,237,1,2.1,1.6,,
14,14,401810660,1,16,2026,2026-02-20,ATL,MIA,,,,1562,1552,10,,,,,,,,,,3.9,234.3,0.73,72.6,-31,225,0,34.9,9.3,,
15,15,401810661,18,7,2026,2026-02-20,MIN,DAL,,,,1533,1432,101,,,,,,,,,,7.2,230.7,0.86,85.8,11,233,1,3.8,2.3,,
16,16,401810662,19,17,2026,2026-02-20,NO,MIL,,,,1370,1499,-129,,,,,,,,,,-1,234.3,0.44,56.2,-21,257,0,20,22.7,,
17,17,401810663,21,3,2026,2026-02-20,OKC,BKN,,,,1569,1349,220,,,,,,,,,,11.4,227.8,0.95,94.5,19,191,1,7.6,36.8,,
18,18,401810664,14,13,2026,2026-02-20,LAL,LAC,,,,1479,1578,-99,,,,,,,,,,0,228.6,0.5,50,3,247,1,3,18.4,,
19,19,401810665,25,8,2026,2026-02-20,POR,DEN,,,,1489,1476,13,,,,,,,,,,4,240.7,0.73,73.1,-54,260,0,58,19.3,,
20,20,401810666,24,22,2026,2026-02-21,PHX,ORL,,,,1507,1514,-7,,,,,,,,,,3.3,225.5,0.7,69.5,3,223,1,0.3,2.5,,
21,21,401810667,19,23,2026,2026-02-21,NO,PHI,,,,1354,1427,-73,,,,,,,,,,1,233.5,0.56,56.2,15,237,1,14,3.5,,
22,22,401810668,16,15,2026,2026-02-21,MIA,MEM,,,,1575,1462,113,,,,,,,,,,7.6,238,0.87,87,16,256,1,8.4,18,,
23,23,401810669,5,9,2026,2026-02-21,CHI,DET,,,,1429,1656,-227,,,,,,,,,,-4.5,233.4,0.25,75.5,-16,236,0,11.5,2.6,,
24,24,401810670,27,26,2026,2026-02-21,SA,SAC,,,,1671,1323,348,,,,,,,,,,16,231,0.98,98.2,17,261,1,1,30,,
25,25,401810671,20,11,2026,2026-02-21,NY,HOU,,,,1574,1564,10,,,,,,,,,,3.9,227.3,0.73,72.6,2,214,1,1.9,13.3,,
26,26,401810672,21,6,2026,2026-02-22,OKC,CLE,,,,1573,1533,40,6.836,15.096,-8.26,2,2,0,,,-0.83,2.7,227.2,0.66,66.3,8,234,1,5.3,6.8,8.83,3.53
27,27,401810673,1,3,2026,2026-02-22,ATL,BKN,,,,1539,1345,194,-6.66,-11.69,5.03,2,2,0,,,4.27,6.9,227,0.85,84.9,11,219,1,4.1,8,6.73,2.63
28,28,401810674,17,28,2026,2026-02-22,MIL,TOR,,,,1515,1479,36,2.986,1.404,1.582,2,3,-1,,,-1.34,-0.9,225.4,0.44,55.6,-28,216,0,27.1,9.4,26.66,0.44
29,29,401810675,10,8,2026,2026-02-22,GS,DEN,,,,1492,1499,-7,-4.854,9.77,-14.624,3,2,1,,,-1.78,0.7,230.6,0.54,54.4,11,245,1,10.3,14.4,12.78,2.48
30,30,401810676,12,7,2026,2026-02-22,IND,DAL,,,,1391,1425,-34,-4.882,-10.832,5.95,2,2,0,,,-0.83,1.8,225.9,0.61,61.1,-4,264,0,5.8,38.1,3.17,2.63
31,31,401810677,30,4,2026,2026-02-22,WSH,CHA,,,,1411,1426,-15,-7.9,1.956,-9.856,2,2,0,,,-5.55,-3.2,229.9,0.31,69,-17,241,0,13.8,11.1,11.45,2.35
32,32,401810678,14,2,2026,2026-02-22,LAL,BOS,,,,1489,1557,-68,0.39,8.253,-7.863,2,3,-1,,,-0.17,-2.4,227.8,0.35,64.6,-22,200,0,19.6,27.8,21.83,2.23
33,33,401810679,18,23,2026,2026-02-22,MIN,PHI,,,,1540,1413,127,7.473,-8.008,15.481,2,1,1,,,4.2,9.6,226.5,0.92,91.7,-27,243,0,36.6,16.5,31.2,5.4
34,34,401810680,5,20,2026,2026-02-22,CHI,NY,,,,1419,1581,-162,-14.2,8.189,-22.389,1,1,0,,,,-6,225,0.18,81.8,-6,204,0,0,21,,
35,35,401810681,24,25,2026,2026-02-22,PHX,POR,,,,1514,1466,48,-6.012,-8.667,2.655,1,2,-1,,,-1.51,1.5,225.4,0.59,59.3,-15,169,0,16.5,56.4,13.49,3.01
36,36,401810682,13,22,2026,2026-02-22,LAC,ORL,,,,1568,1507,61,-1.528,5.497,-7.025,2,1,1,,,,4.7,223.9,0.76,76.4,-2,220,0,6.7,3.9,,
37,37,401810683,9,27,2026,2026-02-23,DET,SA,,,,1666,1673,-7,13.98,15.349,-1.369,2,2,0,,,0.42,3.2,226.6,0.69,69,-11,217,0,14.2,9.6,11.42,2.78
38,38,401810684,15,26,2026,2026-02-23,MEM,SAC,,,,1455,1321,134,-5.201,-16.986,11.785,2,2,0,,,2.38,6.8,229.3,0.85,84.6,-9,237,0,15.8,7.7,11.38,4.42
39,39,401810685,11,29,2026,2026-02-23,HOU,UTAH,,,,1557,1356,201,0.269,-1.539,1.808,2,3,-1,,,7.83,8.9,232.2,0.9,90.2,20,230,1,11.1,2.2,12.17,1.07
40,40,401810686,12,23,2026,2026-02-24,IND,PHI,,,,1377,1441,-64,-5.169,-3.169,-2,2,2,0,,,-4.35,-1.6,227.2,0.4,59.9,-21,249,0,19.4,21.8,16.65,2.75
41,41,401810687,1,30,2026,2026-02-24,ATL,WSH,,,,1544,1392,152,-4.894,-10.255,5.361,2,2,0,,,6.83,7.8,230.5,0.88,87.5,21,217,1,13.2,13.5,14.17,0.97
42,42,401810688,3,7,2026,2026-02-24,BKN,DAL,,,,1340,1439,-99,-11.996,-8.813,-3.183,2,2,0,,,-0.42,0,224.7,0.5,50,-9,237,0,9,12.3,8.58,0.42
43,43,401810689,28,21,2026,2026-02-24,TOR,OKC,,,,1503,1580,-77,4.92,6.899,-1.979,2,2,0,,,-0.17,0.2,223.9,0.51,51.2,-9,223,0,9.2,0.9,8.83,0.37
44,44,401810690,6,20,2026,2026-02-24,CLE,NY,,,,1526,1591,-65,11.502,6.685,4.817,2,2,0,,,1.51,1.7,228.8,0.61,60.5,15,203,1,13.3,25.8,13.49,0.19
45,45,401810691,5,4,2026,2026-02-24,CHI,CHA,,,,1409,1445,-36,-13.54,3.567,-17.107,2,2,0,,,-3.82,-2.4,230.7,0.35,64.6,-32,230,0,29.6,0.7,28.18,1.42
46,46,401810692,17,16,2026,2026-02-24,MIL,MIA,,,,1491,1582,-91,-0.702,12.621,-13.323,2,3,-1,,,-2.61,-3.6,228,0.29,71.1,11,245,1,14.6,17,13.61,0.99
47,47,401810693,19,10,2026,2026-02-24,NO,GS,,,,1368,1503,-135,-0.453,-4.072,3.619,3,2,1,,,-0.69,2.2,229.4,0.63,63.4,4,222,1,1.8,7.4,4.69,2.89
48,48,401810694,24,2,2026,2026-02-24,PHX,BOS,,,,1493,1576,-83,-8.678,10.377,-19.055,2,2,0,,,-3.03,-2.2,224.4,0.37,63.4,-16,178,0,13.8,46.4,12.97,0.83
49,49,401810696,25,18,2026,2026-02-24,POR,MIN,,,,1487,1513,-26,-5.284,1.885,-7.169,2,2,0,,,-3.11,-0.6,230.2,0.46,53.7,-3,245,0,2.4,14.8,0.11,2.51
50,50,401810695,14,22,2026,2026-02-24,LAL,ORL,,,,1470,1521,-51,-1.42,4.773,-6.193,2,2,0,,,2.38,1.1,228.5,0.57,56.8,-1,219,0,2.1,9.5,3.38,1.28
51,51,401810697,9,21,2026,2026-02-25,DET,OKC,,,,1647,1593,54,11.857,8.233,3.624,2,1,1,,,2.61,6.7,221.8,0.84,84.2,8,240,1,1.3,18.2,5.39,4.09
52,52,401810698,28,27,2026,2026-02-25,TOR,SA,,,,1490,1692,-202,2.94,14.861,-11.921,1,2,-1,,,-3.03,-4.6,223.7,0.24,76,-3,217,0,1.6,6.7,0.03,1.57
53,53,401810699,15,10,2026,2026-02-25,MEM,GS,,,,1436,1490,-54,-5.635,-2.94,-2.695,2,1,1,,,-1.02,3.7,225.8,0.72,71.6,-21,245,0,24.7,19.2,19.98,4.72
54,54,401810700,11,26,2026,2026-02-25,HOU,SAC,,,,1562,1340,222,2.349,-13.799,16.148,2,2,0,,,7.83,11.9,227.2,0.95,95.1,31,225,1,19.1,2.2,23.17,4.07
55,55,401810701,17,6,2026,2026-02-25,MIL,CLE,,,,1506,1540,-34,1.593,11.048,-9.455,1,1,0,,,-4.2,-2.5,224.1,0.35,65.1,2,234,1,4.5,9.9,6.2,1.7
56,56,401810702,8,2,2026,2026-02-25,DEN,BOS,,,,1488,1592,-104,6.89,12.385,-5.495,3,1,2,,,1.51,3.2,227.5,0.69,69,19,187,1,15.8,40.5,17.49,1.69
57,57,401810703,12,4,2026,2026-02-26,IND,CHA,,,,1358,1466,-108,-8.144,8.016,-16.16,2,2,0,,,-6.63,-4.5,228.4,0.25,75.5,-24,242,0,19.5,13.6,17.37,2.13
58,58,401810704,23,16,2026,2026-02-26,PHI,MIA,,,,1460,1567,-107,-0.163,9.509,-9.672,2,2,0,,,1.02,0.6,228.7,0.54,53.7,7,241,1,6.4,12.3,5.98,0.42
59,59,401810705,1,30,2026,2026-02-26,ATL,WSH,,,,1551,1385,166,-0.217,-10.794,10.577,2,2,0,,,6.39,8.7,230.2,0.9,89.8,30,222,1,21.3,8.2,23.61,2.31
60,60,401810706,3,27,2026,2026-02-26,BKN,SA,,,,1328,1699,-371,-12.713,14.103,-26.816,2,1,1,,,-7.19,-6.4,223.4,0.17,83.2,-16,236,0,9.6,12.6,8.81,0.79
61,61,401810707,22,11,2026,2026-02-26,ORL,HOU,,,,1532,1567,-35,3.914,6.66,-2.746,2,1,1,,,-0.17,2.9,224.4,0.67,67.4,-5,221,0,7.9,3.4,4.83,3.07
62,62,401810708,5,25,2026,2026-02-26,CHI,POR,,,,1388,1475,-87,-17.474,-3.61,-13.864,2,2,0,,,-1.51,-1,231.1,0.44,56.2,-9,233,0,8,1.9,7.49,0.51
63,63,401810709,7,26,2026,2026-02-26,DAL,SAC,,,,1451,1335,116,-5.854,-16.161,10.307,2,1,1,,,,10.7,225.3,0.94,93.6,-9,251,0,19.7,25.7,,
64,64,401810710,24,14,2026,2026-02-26,PHX,LAL,,,,1477,1459,18,-10.962,-3.091,-7.871,2,2,0,,,-2.15,2.1,226,0.63,62.8,3,223,1,0.9,3,5.15,4.25
65,65,401810711,29,19,2026,2026-02-26,UTAH,NO,,,,1352,1381,-29,-3.599,0.688,-4.287,3,2,1,,,,2.3,235.2,0.64,64,-11,247,0,13.3,11.8,,
66,66,401810712,13,18,2026,2026-02-26,LAC,MIN,,,,1554,1525,29,-0.986,1.514,-2.5,4,2,2,,,-2,2.7,227.6,0.66,66.3,-6,182,0,8.7,45.6,4,4.7
71,956,401810713,9,6,2026,2026-02-27,DET,CLE,,,,1654,1532,122,11.525,10.332,1.193,2,2,0,,,3.39,5.7,227.6,0.81,80.6,3,241,1,2.7,13.4,0.39,2.31
72,957,401810714,2,3,2026,2026-02-27,BOS,BKN,,,,1577,1323,254,7.212,-11.061,18.273,2,1,1,,,8.5,15.4,221.9,0.98,97.9,37,259,1,21.6,37.1,28.5,6.9
73,958,401810715,17,20,2026,2026-02-27,MIL,NY,,,,1514,1578,-64,3.24,3.071,0.169,2,3,-1,,,-4.05,-3.7,226.7,0.28,71.6,-29,225,0,25.3,1.7,24.95,0.35
74,959,401810716,7,15,2026,2026-02-27,DAL,MEM,,,,1432,1416,16,-6.543,-7.386,0.843,1,2,-1,,,2.38,0.1,226.1,0.51,50.6,-19,229,0,19.1,2.9,21.38,2.28
75,960,401810717,21,8,2026,2026-02-27,OKC,DEN,,,,1586,1503,83,5.646,8.422,-2.776,2,2,0,,,4.05,5.5,229,0.8,79.8,6,248,1,0.5,19,1.95,1.45
76,961,401810718,4,25,2026,2026-02-28,CHA,POR,,,,1483,1487,-4,10.632,-0.85,11.482,2,2,0,,,4.2,5.6,230.4,0.8,80.2,16,202,1,10.4,28.4,11.8,1.4
77,962,401810719,16,11,2026,2026-02-28,MIA,HOU,,,,1555,1581,-26,7.858,6.547,1.311,2,2,0,,,-1.62,0.3,227.8,0.52,51.9,10,220,1,9.7,7.8,11.62,1.92
78,963,401810720,30,28,2026,2026-02-28,WSH,TOR,,,,1379,1483,-104,-14.535,3.63,-18.165,2,3,-1,,,-7.19,-7,226.8,0.15,85.2,-9,259,0,2,32.2,1.81,0.19
79,964,401810721,10,14,2026,2026-02-28,GS,LAL,,,,1510,1452,58,-0.279,-2.6,2.321,3,2,1,,,-1.51,3.9,228.1,0.73,72.6,-28,230,0,31.9,1.9,26.49,5.41
80,965,401810722,29,19,2026,2026-02-28,UTAH,NO,,,,1334,1399,-65,-4.393,1.88,-6.273,2,2,0,,,-3.03,-0.7,235.3,0.46,54.4,-10,220,0,9.3,15.3,6.97,2.33
81,966,401810723,20,27,2026,2026-03-01,NY,SA,,,,1597,1704,-107,5.557,14.667,-9.11,2,3,-1,,,-0.42,-0.1,227.4,0.49,50.6,25,203,1,25.1,24.4,25.42,0.32
82,967,401810724,3,6,2026,2026-03-01,BKN,CLE,,,,1319,1528,-209,-15.854,7.821,-23.675,2,2,0,,,,-7,227.5,0.15,85.2,-4,208,0,3,19.5,,
83,968,401810725,5,17,2026,2026-03-01,CHI,MIL,,,,1376,1495,-119,-14.807,-2.393,-12.414,3,2,1,,,,2,229.2,0.62,62.2,23,217,1,21,12.2,,
84,969,401810726,8,18,2026,2026-03-01,DEN,MIN,,,,1497,1541,-44,8.73,1.374,7.356,2,3,-1,,,0.35,1.3,231.3,0.58,58.1,-9,225,0,10.3,6.3,9.35,0.95
85,970,401810727,12,15,2026,2026-03-01,IND,MEM,,,,1341,1436,-95,-10.8,-4.212,-6.588,3,2,1,,,,0.9,228.5,0.56,55.6,-19,231,0,19.9,2.5,,
86,971,401810728,1,25,2026,2026-03-01,ATL,POR,,,,1557,1476,81,4.678,-2.954,7.632,3,1,2,,,,10.1,227.7,0.93,92.6,34,236,1,23.9,8.3,,
87,972,401810730,22,9,2026,2026-03-01,ORL,DET,,,,1518,1658,-140,3.236,7.995,-4.759,3,2,1,,,-3.03,-0.8,225.9,0.45,55,-14,198,0,13.2,27.9,10.97,2.23
88,973,401810729,2,23,2026,2026-03-01,BOS,PHI,,,,1581,1472,109,11.747,0.125,11.622,2,3,-1,,,,6.8,226.5,0.85,84.6,16,212,1,9.2,14.5,,
89,974,401810731,7,21,2026,2026-03-01,DAL,OKC,,,,1412,1592,-180,-8.592,2.54,-11.132,2,2,0,,,,-4.8,224.8,0.23,76.9,-13,187,0,8.2,37.8,,
90,975,401810732,13,19,2026,2026-03-01,LAC,NO,,,,1538,1412,126,-3.094,3.149,-6.243,3,1,2,,,,8.7,225.1,0.9,89.8,20,254,1,11.3,28.9,,
91,976,401810733,14,26,2026,2026-03-01,LAL,SAC,,,,1477,1354,123,-1.047,-12.949,11.902,1,3,-2,,,,3.4,226.2,0.7,70.1,24,232,1,20.6,5.8,,
92,977,401810734,30,11,2026,2026-03-02,WSH,HOU,,,,1367,1572,-205,-10.654,5.481,-16.135,2,2,0,,,-8.5,-7.9,227.1,0.12,87.8,-5,241,0,2.9,13.9,3.5,0.6
93,978,401810735,17,2,2026,2026-03-02,MIL,BOS,,,,1477,1588,-111,-5.9,8.809,-14.709,1,1,0,,,-3.57,-4.7,220.6,0.24,76.4,-27,189,0,22.3,31.6,23.43,1.13
94,979,401810736,29,8,2026,2026-03-02,UTAH,DEN,,,,1321,1483,-162,-4.5,6.635,-11.135,2,1,1,,,-5.99,-1.2,232.4,0.43,57.4,-3,253,0,1.8,20.6,2.99,4.79
95,980,401810737,10,13,2026,2026-03-02,GS,LAC,,,,1485,1544,-59,-2.025,0.475,-2.5,2,1,1,,,,6.1,221.7,0.82,82.1,-13,215,0,19.1,6.7,,
96,987,401810738,4,7,2026,2026-03-03,CHA,DAL,,,,1494,1400,94,11.651,-8.733,20.384,3,2,1,,,5.75,9.9,227.4,0.92,92.2,27,207,1,17.1,20.4,21.25,4.15
97,988,401810739,6,9,2026,2026-03-03,CLE,DET,,,,1536,1671,-135,5.887,6.114,-0.227,2,2,0,,,-0.17,-0.2,226.8,0.49,51.2,4,222,1,4.2,4.8,4.17,0.03
98,989,401810740,22,30,2026,2026-03-03,ORL,WSH,,,,1505,1359,146,5.761,-9.764,15.525,2,1,1,,,,14.9,224.1,0.98,97.6,17,235,1,2.1,10.9,,
99,990,401810741,16,3,2026,2026-03-03,MIA,BKN,,,,1565,1311,254,6.306,-13.812,20.118,3,2,1,,,7.02,12.2,226.9,0.96,95.5,26,222,1,13.8,4.9,18.98,5.18
100,991,401810742,28,20,2026,2026-03-03,TOR,NY,,,,1495,1615,-120,3.035,8.465,-5.43,3,2,1,,,-0.83,0.4,224.3,0.53,52.5,-16,206,0,16.4,18.3,15.17,1.23
101,993,401810743,23,27,2026,2026-03-03,PHI,SA,,,,1465,1686,-221,0.324,8.827,-8.503,2,2,0,,,-3.65,-2.2,227.1,0.37,63.4,-40,222,0,37.8,5.1,36.35,1.45
102,995,401810744,5,21,2026,2026-03-03,CHI,OKC,,,,1395,1604,-209,-8.938,4.357,-13.295,2,2,0,,,-5.85,-5.5,226.4,0.2,79.8,-8,224,0,2.5,2.4,2.15,0.35
103,997,401810745,18,15,2026,2026-03-03,MIN,MEM,,,,1555,1451,104,3.1,-2.776,5.876,2,2,0,,,7.52,7.1,229.6,0.86,85.5,7,227,1,0.1,2.6,0.52,0.42
104,999,401810746,14,19,2026,2026-03-03,LAL,NO,,,,1485,1406,79,0.993,0.752,0.241,2,2,0,,,5.11,4.9,227.7,0.77,77.3,9,211,1,4.1,16.7,3.89,0.21
105,1001,401810747,26,24,2026,2026-03-03,SAC,PHX,,,,1346,1484,-138,-13.59,-8.121,-5.469,2,5,-3,,,-5.33,-6.7,225.3,0.16,84.2,-11,217,0,4.3,8.3,5.67,1.37
106,981,401810748,20,21,2026,2026-03-04,NY,OKC,,,,1629,1612,17,8.117,5.778,2.339,1,1,0,,,-1.68,2.3,218.1,0.64,64,-3,203,0,5.3,15.1,1.32,3.98
107,982,401810749,2,4,2026,2026-03-04,BOS,CHA,,,,1605,1503,102,7.725,11.332,-3.607,2,1,1,,,2.81,7.4,222.9,0.86,86.4,-29,207,0,36.4,15.9,31.81,4.59
108,983,401810750,23,29,2026,2026-03-04,PHI,UTAH,,,,1453,1313,140,-1.337,-5.76,4.423,1,2,-1,,,,4.6,227.7,0.76,76,4,208,1,0.6,19.7,,
109,984,401810751,15,25,2026,2026-03-04,MEM,POR,,,,1445,1467,-22,-0.353,-7.107,6.754,1,3,-2,,,,-1.1,226.4,0.43,56.8,-8,236,0,6.9,9.6,,
110,985,401810752,17,1,2026,2026-03-04,MIL,ATL,,,,1460,1566,-106,-6.552,6.946,-13.498,2,3,-1,,,0,-2.4,227.2,0.35,64.6,-18,244,0,15.6,16.8,18,2.4
111,986,401810753,13,12,2026,2026-03-04,LAC,IND,,,,1561,1326,235,1.58,-10.466,12.046,2,3,-1,,,,8,224.2,0.88,88.1,23,237,1,15,12.8,,
112,992,401810754,22,7,2026,2026-03-05,ORL,DAL,,,,1511,1391,120,5.343,-8.599,13.942,2,2,0,0,0,3.84,8.2,223.9,0.91,90.7,1,229,1,7.2,5.1,2.84,4.36
113,994,401810755,30,29,2026,2026-03-05,WSH,UTAH,,,,1353,1308,45,-9.266,-6.459,-2.807,2,1,1,0,0,,5.6,226.9,0.83,82.6,-10,234,0,15.6,7.1,,
114,996,401810756,16,3,2026,2026-03-05,MIA,BKN,,,,1569,1307,262,6.778,-13.641,20.419,2,2,0,0,0,6.31,11.7,225.4,0.96,96.3,16,236,1,4.3,10.6,9.69,5.39
115,998,401810757,11,10,2026,2026-03-05,HOU,GS,,,,1581,1468,113,5.162,-0.192,5.354,3,3,0,0,0,3.65,7.4,224,0.89,88.7,-2,228,0,9.4,4,5.65,3.75
116,1000,401810758,18,28,2026,2026-03-05,MIN,TOR,,,,1561,1481,80,1.608,3.892,-2.284,2,2,0,0,0,2.63,3.5,224.6,0.73,72.6,8,222,1,4.5,2.6,5.37,0.87
117,1002,401810759,27,9,2026,2026-03-05,SA,DET,,,,1698,1658,40,9.144,5.37,3.774,2,2,0,0,0,1.04,2.4,223.9,0.66,66.1,15,227,1,12.6,3.1,13.96,1.36
118,1003,401810760,24,5,2026,2026-03-05,PHX,CHI,,,,1497,1387,110,-8.037,-8.723,0.686,2,2,0,0,0,4.99,6.7,225.6,0.87,86.5,-2,208,0,8.7,17.6,6.99,1.71
119,1004,401810761,8,14,2026,2026-03-05,DEN,LAL,,,,1491,1491,0,7.575,0.419,7.156,3,2,1,0,0,1.71,5.8,228.1,0.83,83.4,7,233,1,1.2,4.9,5.29,4.09
120,1005,401810762,26,19,2026,2026-03-05,SAC,NO,,,,1333,1400,-67,-11.609,1.044,-12.653,2,2,0,0,0,-1.6,-1,226.9,0.43,56.9,-10,256,0,9,29.1,8.4,0.6
121,1006,401810763,2,7,2026,2026-03-06,BOS,DAL,,,,1578,1387,191,5.31,-6.122,11.432,2,1,1,1.17,-1.42,6.91,14.5,218,0.98,98.2,20,220,1,5.5,2,13.09,7.59
122,1008,401810764,4,16,2026,2026-03-06,CHA,MIA,,,,1530,1572,-42,11.359,6.668,4.691,2,1,1,1.13,-1,2.72,7.6,223.6,0.89,89.2,-8,248,0,15.6,24.4,10.72,4.88
123,1010,401810765,11,25,2026,2026-03-06,HOU,POR,,,,1566,1482,84,2.789,-6.464,9.253,1,2,-1,-0.23,-1.88,,4.8,221.2,0.79,79.1,7,205,1,2.2,16.2,,
124,1012,401810766,8,20,2026,2026-03-06,DEN,NY,,,,1500,1616,-116,7.036,5.053,1.983,1,2,-1,-1.24,-1.54,0,-4,222.9,0.25,75.2,-39,245,0,35,22.1,39,4
125,1014,401810767,24,19,2026,2026-03-06,PHX,NO,,,,1482,1413,69,-7.633,-0.502,-7.131,1,1,0,-1.73,-1.32,,3.1,217.2,0.7,70.3,2,234,1,1.1,16.8,,
126,1016,401810768,27,13,2026,2026-03-06,SA,LAC,,,,1707,1565,142,9.683,2.95,6.733,1,2,-1,0.65,-2.01,3.5,5,218.2,0.8,80,4,228,1,1,9.8,0.5,1.5
127,1018,401810769,14,12,2026,2026-03-06,LAL,IND,,,,1482,1322,160,-0.216,-10.787,10.571,1,2,-1,1.85,-1.52,,7.2,220.9,0.88,88.1,11,245,1,3.8,24.1,,
128,1007,401810770,18,22,2026,2026-03-07,MIN,ORL,,,,1567,1515,52,1.201,3.727,-2.526,2,2,0,0.98,-0.52,3.29,4.4,224.4,0.77,77.2,-27,211,0,31.4,13.4,30.29,1.11
129,1009,401810771,9,3,2026,2026-03-07,DET,BKN,,,,1649,1304,345,0.65,-13.166,13.816,2,2,0,-0.41,-0.78,6.31,13.5,220.2,0.98,97.7,-2,212,0,15.5,8.2,8.31,7.19
130,1011,401810772,1,23,2026,2026-03-07,ATL,PHI,,,,1581,1458,123,5.53,-0.143,5.673,3,3,0,1.79,-1.11,1.93,5.6,224.5,0.83,82.6,9,241,1,3.4,16.5,7.07,3.67
131,1013,401810773,15,13,2026,2026-03-07,MEM,LAC,,,,1430,1560,-130,-0.25,2.099,-2.349,3,1,2,-0.47,-2.6,-3.14,4.5,217.8,0.78,77.7,-3,243,0,7.5,25.2,0.14,7.64
132,1015,401810774,17,29,2026,2026-03-07,MIL,UTAH,,,,1445,1325,120,-4.266,-3.963,-0.303,3,2,1,2.68,-2.53,4.9,8.2,225.4,0.91,90.7,14,212,1,5.8,13.4,9.1,3.3
133,1017,401810775,21,10,2026,2026-03-07,OKC,GS,,,,1625,1484,141,5.793,1.149,4.644,3,2,1,0.57,-3.88,6.31,9.9,216.8,0.94,94,7,201,1,2.9,15.8,0.69,3.59
134,1019,401810776,6,2,2026,2026-03-08,CLE,BOS,,,,1549,1583,-34,5.591,6.264,-0.673,5,2,3,-3.64,-2.37,0,1.9,221.8,0.63,62.9,-11,207,0,12.9,14.8,11,1.9
135,1021,401810777,14,20,2026,2026-03-08,LAL,NY,,,,1488,1633,-145,0.997,4.401,-3.404,2,2,0,0.35,-0.64,-1.52,-1.6,221.6,0.39,60.9,13,207,1,14.6,14.6,14.52,0.08
136,1023,401810778,16,9,2026,2026-03-08,MIA,DET,,,,1586,1630,-44,4.802,2.259,2.543,2,1,1,-0.94,-1.28,-0.62,2.4,218.9,0.66,66.1,11,231,1,8.6,12.1,11.62,3.02
137,1025,401810779,28,7,2026,2026-03-08,TOR,DAL,,,,1475,1382,93,4.071,-5.335,9.406,3,2,1,0.51,-1.97,4.38,9.5,218.4,0.93,93.3,30,214,1,20.5,4.4,25.62,5.12
138,1028,401810780,19,30,2026,2026-03-08,NO,WSH,,,,1408,1336,72,-1.383,-8.369,6.986,2,3,-1,2.87,-1.53,3.78,8.2,222.7,0.91,90.7,20,256,1,11.8,33.3,16.22,4.42
139,1029,401810781,17,22,2026,2026-03-08,MIL,ORL,,,,1452,1540,-88,-1.964,6.482,-8.446,1,1,0,0.79,-1.07,-0.62,-1.1,217,0.42,57.6,-39,221,0,37.9,4,38.38,0.48
140,1030,401810782,27,11,2026,2026-03-08,SA,HOU,,,,1712,1572,140,6.756,0.293,6.463,2,2,0,-0.06,-1.63,2.15,4.5,220.9,0.78,77.7,25,265,1,20.5,44.1,22.85,2.35
141,1031,401810783,24,4,2026,2026-03-08,PHX,CHA,,,,1488,1516,-28,-7.009,10.084,-17.093,2,2,0,-1.73,-1.32,-1.6,-1.5,221,0.4,60.3,12,210,1,13.5,11,13.6,0.1
142,1032,401810784,25,12,2026,2026-03-08,POR,IND,,,,1476,1317,159,-4.885,-8.438,3.553,2,2,0,0.42,-2.21,3.78,7.3,223.2,0.88,88.4,20,242,1,12.7,18.8,16.22,3.52
143,1033,401810785,26,5,2026,2026-03-08,SAC,CHI,,,,1320,1402,-82,-8.899,-6.38,-2.519,3,3,0,1.22,-3.22,-1.36,1.7,223.2,0.62,61.6,16,236,1,14.3,12.8,17.36,3.06
144,1020,401810786,6,23,2026,2026-03-09,CLE,PHI,,,,1531,1453,78,3.236,1.549,1.687,1,2,-1,1.87,-2.35,4.99,3.7,221.1,0.74,73.6,14,216,1,10.3,5.1,9.01,1.29
145,1022,401810787,3,15,2026,2026-03-09,BKN,MEM,,,,1323,1421,-98,-13.577,1.671,-15.248,2,2,0,1.95,-2.48,,-0.7,220.5,0.45,54.8,11,241,1,11.7,20.5,,
146,1024,401810788,21,8,2026,2026-03-09,OKC,DEN,,,,1630,1483,147,4.69,6.746,-2.056,2,3,-1,-1.69,-1.97,3.22,3.5,221.3,0.73,72.6,3,255,1,0.5,33.7,0.22,0.28
147,1026,401810789,29,10,2026,2026-03-09,UTAH,GS,,,,1318,1479,-161,-6.084,0.434,-6.518,2,2,0,0.69,-3.74,,-0.9,222.2,0.44,56.2,3,235,1,3.9,12.8,,
148,1027,401810790,13,20,2026,2026-03-09,LAC,NY,,,,1569,1616,-47,0.421,-0.658,1.079,2,1,1,-0.81,-1.11,-0.38,1.9,216.5,0.63,62.9,8,244,1,6.1,27.5,8.38,2.28
149,1042,401810791,23,15,2026,2026-03-10,PHI,MEM,,,,1445,1406,39,3.557,2.592,0.965,1,1,0,1.05,-3.92,,5.9,214.3,0.84,83.7,10,268,1,4.1,53.7,,
150,1044,401810792,3,9,2026,2026-03-10,BKN,DET,,,,1338,1617,-279,-11.488,-2.461,-9.027,1,2,-1,-0.62,-1.13,-6.91,-10.8,215.5,0.05,95.3,-38,238,0,27.2,22.5,31.09,3.89
151,1047,401810793,16,30,2026,2026-03-10,MIA,WSH,,,,1599,1328,271,8.067,-5.426,13.493,2,2,0,0.44,-2.42,7.42,11.9,221.2,0.97,96.5,21,279,1,9.1,57.8,13.58,4.48
152,1049,401810794,1,7,2026,2026-03-10,ATL,DAL,,,,1586,1373,213,4.584,-6.187,10.771,3,2,1,0.98,-0.68,3.97,9.7,222.8,0.94,93.7,12,236,1,2.3,13.2,8.03,5.73
153,1051,401810795,11,28,2026,2026-03-10,HOU,TOR,,,,1565,1484,81,-0.036,5.264,-5.3,2,2,0,0.07,-1.63,2.35,4.2,218,0.76,76.3,14,212,1,9.8,6,11.65,1.85
154,1053,401810796,17,24,2026,2026-03-10,MIL,PHX,,,,1434,1500,-66,-4.06,-6.944,2.884,2,2,0,1.34,-1.81,-0.62,1,217.5,0.57,56.9,-15,243,0,16,25.5,14.38,1.62
155,1055,401810797,27,2,2026,2026-03-10,SA,BOS,,,,1719,1601,118,5.845,6.309,-0.464,2,2,0,-0.54,-0.97,1.36,2.7,219.7,0.68,67.9,9,241,1,6.3,21.3,7.64,1.34
156,1056,401810798,10,5,2026,2026-03-10,GS,CHI,,,,1467,1388,79,0.644,-6.082,6.726,1,2,-1,-0.62,-3.29,2.15,2.2,217.9,0.65,64.8,-6,254,0,8.2,36.1,8.15,0.05
157,1057,401810799,25,4,2026,2026-03-10,POR,CHA,,,,1482,1504,-22,-3.265,9.069,-12.334,2,2,0,0,-1.2,-1.21,-0.5,223.8,0.47,53.5,-2,204,0,1.5,19.8,0.79,0.71
158,1058,401810800,26,12,2026,2026-03-10,SAC,IND,,,,1334,1312,22,-5.85,-7.601,1.751,2,2,0,0.53,-2.85,,4.5,220.4,0.78,77.7,5,223,1,0.5,2.6,,
159,1059,401810801,14,18,2026,2026-03-10,LAL,MIN,,,,1505,1542,-37,1.823,-2.047,3.87,2,3,-1,-0.73,-0.39,-0.31,-0.1,224,0.49,50.7,14,226,1,14.1,2,14.31,0.21
160,1034,401810802,22,6,2026,2026-03-11,ORL,CLE,,,,1558,1539,19,7.644,2.035,5.609,3,2,1,-0.01,-2.22,-0.92,4.4,221.9,0.77,77.2,6,250,1,1.6,28.1,6.92,5.32
161,1035,401810803,19,28,2026,2026-03-11,NO,TOR,,,,1416,1476,-60,-1.37,3.466,-4.836,3,1,2,1.64,-1.28,,6.3,217.1,0.85,85.2,11,233,1,4.7,15.9,,
162,1036,401810804,29,20,2026,2026-03-11,UTAH,NY,,,,1330,1606,-276,-7.282,-0.71,-6.572,2,2,0,-2.27,-2.04,,-8,223,0.1,90.2,-17,251,0,9,28,,
163,1037,401810805,8,11,2026,2026-03-11,DEN,HOU,,,,1479,1573,-94,7.593,0.06,7.533,2,1,1,0.38,-1.38,2.15,4.8,219.6,0.79,79.1,36,222,1,31.2,2.4,33.85,2.65
164,1038,401810806,26,4,2026,2026-03-11,SAC,CHA,,,,1342,1516,-174,-3.919,6.533,-10.452,1,1,0,-1.44,-1.96,,-4.9,216.3,0.2,79.6,-8,226,0,3.1,9.7,,
165,1039,401810807,13,18,2026,2026-03-11,LAC,MIN,,,,1579,1530,49,1.14,-2.099,3.239,2,1,1,-1.45,-0.77,0.16,4,217.6,0.75,75.2,25,281,1,21,63.4,24.84,3.84
166,1040,401810808,9,23,2026,2026-03-12,DET,PHI,,,,1626,1452,174,-1.176,2.662,-3.838,2,2,0,2.78,-2.03,6.63,9.4,216.8,0.93,93.2,22,240,1,12.6,23.2,15.37,2.77
167,1041,401810809,12,24,2026,2026-03-12,IND,PHX,,,,1304,1517,-213,-6.955,-4.804,-2.151,2,2,0,-0.1,-2.54,-4.09,-3.2,216.6,0.29,70.9,-15,231,0,11.8,14.4,10.91,0.89
168,1043,401810810,22,30,2026,2026-03-12,ORL,WSH,,,,1566,1324,242,4.899,-7.1,11.999,1,2,-1,0.7,-2.04,,9.2,216.5,0.93,92.8,5,267,1,4.2,50.5,,
169,1045,401810811,1,3,2026,2026-03-12,ATL,BKN,,,,1590,1329,261,7.606,-11.165,18.771,2,2,0,1.7,-1.46,6.31,12.1,220.7,0.97,96.6,11,205,1,1.1,15.7,4.69,5.79
170,1046,401810812,16,17,2026,2026-03-12,MIA,MIL,,,,1603,1418,185,8.461,-4.778,13.239,2,2,0,-0.86,-1.46,2.53,8,220.1,0.9,90.2,7,217,1,1,3.1,4.47,5.47
171,1048,401810966,15,7,2026,2026-03-12,MEM,DAL,,,,1399,1369,30,2.926,-7.283,10.209,2,2,0,-2.38,-2.6,-1.6,3,218.2,0.7,69.7,-8,232,0,11,13.8,6.4,4.6
172,1050,401810813,27,8,2026,2026-03-12,SA,DEN,,,,1724,1496,228,3.354,7.348,-3.994,2,1,1,-0.77,-1.09,,8.9,220.1,0.92,92.2,-5,267,0,13.9,46.9,,
